category,fraction,average_dot_product,variance,second_best_category
caterpillar,0.052056789224608664,0.28090551,0.00037759502,slug
snail,0.1081179468511103,0.2862438,0.00035939715,slug
slug,0.2763014197306152,0.28943044,0.00030973935,snail
weevil,0.008008736803785948,0.2776003,0.00022194603,grasshopper
earthworm,0.016017473607571896,0.27388287,4.801425e-05,slug
earwig,0.004004368401892974,0.2280579,2.1674417e-08,snail
moth,0.008008736803785948,0.27883232,2.2259626e-05,caterpillar
